Brand Name,Total Section 1.1,Total Section 1.2,Total Section 1.3,Total Section 1.4,Total Section 1.5,Total Score Section 1,Total Section 2.1,Total Section 2.2,Total Section 2.3,Total Section 2.4,Total Score Section 2,Total Section 3.1,Total Section 3.2,Total Section 3.3,Total Score Section 3,Total Section 4.1,Total Section 4.1,Total Section 4.2,Total Section 4.3,Total Section 4.4A,Total Section 4.4B,Total Score Section 4,Total Section 5.1,Total Section 5.2,Total Section 5.3,Total Section 5.4,Total Section 5.5,Total Section 5.6,Total Score Section 5,TOTAL POINTS,Weighted Score,Cosine Similarity
Abercrombie & Fitch,3.5,7.25,7.5,3.0,0.0,21.25,1.0,2.0,0.0,2.0,5.0,19.0,18.0,1.0,38.0,2.0,0.0,1.0,3.0,1.0,2.0,9.0,2.0,1.0,3.0,2.0,0.0,2.0,10.0,83.25,21.95,0.2642798608275797
Adidas,4.5,8.5,14.0,3.0,1.0,31.0,1.0,3.0,1.0,6.0,11.0,23.0,18.0,1.0,42.0,4.0,2.0,2.0,5.0,3.0,5.0,21.0,6.0,2.0,7.0,6.0,3.0,11.0,35.0,140.0,31.9,0.3165885890595902
Aeropostale,0.5,3.5,1.5,0.0,0.0,5.5,0.0,0.0,0.0,0.0,0.0,0.0,0.0,0.0,0.0,0.0,0.0,1.0,0.0,1.0,0.0,2.0,0.0,0.0,0.0,0.0,0.0,0.0,0.0,7.5,5.6,0.0
AJIO,3.0,2.0,6.0,0.0,0.0,11.0,1.0,2.0,0.0,0.0,3.0,0.0,0.0,0.0,0.0,2.0,2.0,0.0,0.0,0.0,1.0,5.0,0.0,0.0,0.0,0.0,0.0,1.0,1.0,20.0,11.6,0.327802597023224
ALDI Nord,4.0,8.0,10.0,3.0,1.0,26.0,1.0,2.0,0.0,2.0,5.0,16.0,0.0,1.0,17.0,4.0,3.0,1.0,4.0,0.0,4.0,16.0,2.0,2.0,4.0,0.0,2.0,4.0,14.0,78.0,26.8,0.2306098749373115
ALDI SOUTH,4.75,7.25,12.0,3.0,0.0,27.0,1.0,2.0,1.0,2.0,6.0,15.0,0.0,1.0,16.0,5.0,5.0,2.0,2.0,1.0,2.0,17.0,3.0,3.0,3.0,0.0,2.0,9.0,20.0,86.0,27.95,0.23723248453242538
ALDO,3.75,7.5,5.0,0.5,0.0,16.75,1.0,1.0,0.0,0.0,2.0,0.0,0.0,1.0,1.0,1.0,1.0,2.0,1.0,2.0,5.0,12.0,0.0,0.0,0.0,2.0,0.0,2.0,4.0,35.75,17.5,0.1428673089903116
Amazon,4.75,7.5,10.5,1.5,1.0,25.25,1.0,2.0,0.0,0.0,3.0,13.0,0.0,1.0,14.0,4.0,0.0,1.0,1.0,2.0,1.0,9.0,3.0,2.0,1.0,0.0,0.0,7.0,13.0,64.25,26.2,0.19777918115955215
American Eagle,4.5,5.5,7.0,1.5,1.0,19.5,1.0,2.0,0.0,2.0,5.0,0.0,0.0,1.0,1.0,1.0,0.0,2.0,0.0,0.0,1.0,4.0,1.0,3.0,6.0,4.0,0.0,10.0,24.0,53.5,20.4,0.2721883809877045
ANTA,0.25,0.0,0.0,0.0,0.0,0.25,0.0,0.0,0.0,0.0,0.0,0.0,0.0,0.0,0.0,0.0,0.0,0.0,0.0,0.0,0.0,0.0,0.0,0.0,0.0,0.0,0.0,0.0,0.0,0.25,0.3,0.0
Anthropologie,2.75,4.25,2.5,3.0,0.0,12.5,1.0,2.0,1.0,0.0,4.0,0.0,0.0,0.0,0.0,3.0,0.0,1.0,0.0,0.0,1.0,5.0,1.0,0.0,5.0,4.0,1.0,0.0,11.0,32.5,13.05,0.2777898354064313
Aritzia,2.75,8.5,9.0,0.0,0.0,20.25,1.0,2.0,0.0,3.0,6.0,0.0,0.0,1.0,1.0,3.0,3.0,2.0,1.0,1.0,3.0,13.0,2.0,1.0,3.0,0.0,0.0,8.0,14.0,54.25,20.8,0.3147159031596036
Armani,4.25,8.0,14.0,1.5,0.0,27.75,1.0,2.0,1.0,0.0,4.0,15.0,15.0,2.0,32.0,5.0,5.0,1.0,1.0,1.0,0.0,13.0,2.0,1.0,3.0,2.0,1.0,10.0,19.0,95.75,28.6,0.19773141870613065
Asda,2.75,5.0,9.0,2.0,0.0,18.75,1.0,2.0,0.0,0.0,3.0,14.0,15.0,4.0,33.0,1.0,0.0,0.0,0.0,0.0,3.0,4.0,1.0,1.0,3.0,3.0,0.0,3.0,11.0,69.75,19.3,0.24219637879999173
ASICS,5.0,6.75,10.5,3.0,1.0,26.25,1.0,2.0,0.0,3.0,6.0,18.0,18.0,1.0,37.0,4.0,1.0,2.0,3.0,1.0,5.0,16.0,1.0,1.0,5.0,5.0,4.0,12.0,28.0,113.25,27.25,0.22857339616684516
ASOS,4.5,8.0,13.5,3.0,1.0,30.0,1.0,2.0,1.0,2.0,6.0,19.0,18.0,0.0,37.0,6.0,2.0,2.0,6.0,3.0,5.0,24.0,6.0,3.0,7.0,2.0,1.0,9.0,28.0,125.0,30.9,0.2016055334941969
Balenciaga,5.0,8.75,14.5,3.0,1.0,32.25,1.0,3.0,1.0,6.0,11.0,0.0,0.0,7.0,7.0,6.0,5.0,2.0,3.0,3.0,6.0,25.0,7.0,3.0,9.0,7.0,8.0,17.0,51.0,126.25,33.25,0.29436692631332345
Bally,4.5,7.75,6.0,1.5,0.0,19.75,1.0,2.0,1.0,0.0,4.0,18.0,19.0,0.0,37.0,0.0,0.0,0.0,1.0,0.0,4.0,5.0,1.0,2.0,3.0,2.0,1.0,8.0,17.0,82.75,20.65,0.22915435797038447
Banana Republic,4.75,7.5,14.0,3.0,1.0,30.25,1.0,2.0,1.0,2.0,6.0,13.0,13.0,1.0,27.0,5.0,4.0,2.0,4.0,3.0,5.0,23.0,3.0,4.0,8.0,2.0,6.0,11.0,34.0,120.25,31.2,0.19863591205857664
BCBGMAXAZRIA,0.0,0.75,0.5,0.0,0.0,1.25,0.0,0.0,0.0,0.0,0.0,0.0,0.0,0.0,0.0,0.0,0.0,1.0,0.0,1.0,0.0,2.0,0.0,0.0,0.0,0.0,0.0,0.0,0.0,3.25,1.25,0.0
Beanpole,2.0,0.5,3.0,1.5,1.0,8.0,1.0,2.0,0.0,0.0,3.0,0.0,0.0,1.0,1.0,0.0,0.0,0.0,0.0,0.0,0.0,0.0,0.0,1.0,0.0,0.0,1.0,3.0,5.0,17.0,8.4,0.31465031877329674
Belle,0.0,0.0,0.0,0.0,0.0,0.0,0.0,0.0,0.0,0.0,0.0,0.0,0.0,0.0,0.0,0.0,0.0,0.0,0.0,0.0,0.0,0.0,0.0,0.0,0.0,0.0,0.0,0.0,0.0,0.0,0.0,0.0
Bershka,4.5,7.5,13.5,3.0,1.0,29.5,1.0,2.0,1.0,6.0,10.0,0.0,0.0,8.0,8.0,6.0,5.0,3.0,3.0,3.0,5.0,25.0,11.0,6.0,9.0,8.0,4.0,14.0,52.0,124.5,30.4,0.25152876386136025
Big Bazaar - ffb,0.0,0.0,0.0,0.0,0.0,0.0,0.0,0.0,0.0,0.0,0.0,0.0,0.0,0.0,0.0,0.0,0.0,0.0,0.0,0.0,0.0,0.0,0.0,0.0,0.0,0.0,0.0,0.0,0.0,0.0,0.0,0.0
Big W,4.25,7.25,11.0,1.5,1.0,25.0,1.0,2.0,1.0,0.0,4.0,20.0,14.0,0.0,34.0,5.0,4.0,0.0,1.0,3.0,6.0,19.0,7.0,2.0,2.0,0.0,0.0,4.0,15.0,97.0,25.85,0.18413486591245506
Billabong,1.0,4.25,5.5,0.0,0.0,10.75,1.0,0.0,0.0,0.0,1.0,0.0,0.0,1.0,1.0,1.0,0.0,1.0,0.0,1.0,0.0,3.0,0.0,0.0,0.0,0.0,0.0,0.0,0.0,15.75,10.95,0.05189175808992954
Bloomingdale's,3.25,4.25,3.0,2.0,0.0,12.5,0.0,0.0,0.0,0.0,0.0,0.0,0.0,0.0,0.0,0.0,0.0,0.0,0.0,0.0,0.0,0.0,0.0,4.0,0.0,0.0,0.0,0.0,4.0,16.5,13.15,0.0
Bonprix,4.5,6.5,10.0,2.0,1.0,24.0,1.0,3.0,0.0,4.0,8.0,16.0,16.0,1.0,33.0,3.0,3.0,2.0,4.0,0.0,6.0,18.0,0.0,0.0,5.0,2.0,1.0,2.0,10.0,93.0,24.9,0.3355906751647653
boohoo,0.0,5.75,6.0,3.0,0.0,14.75,1.0,1.0,1.0,2.0,5.0,12.0,0.0,1.0,13.0,4.0,1.0,0.0,0.0,0.0,4.0,9.0,2.0,1.0,6.0,2.0,0.0,8.0,19.0,60.75,14.75,0.21692449253544976
Bosideng,0.0,0.25,0.0,0.0,0.0,0.25,0.0,0.0,0.0,0.0,0.0,0.0,0.0,0.0,0.0,0.0,0.0,0.0,0.0,0.0,0.0,0.0,0.0,0.0,0.0,0.0,0.0,0.0,0.0,0.25,0.25,0.0
Bottega Veneta,5.0,8.75,14.5,3.0,1.0,32.25,1.0,3.0,1.0,6.0,11.0,0.0,0.0,7.0,7.0,6.0,5.0,2.0,3.0,3.0,6.0,25.0,7.0,3.0,9.0,7.0,8.0,17.0,51.0,126.25,33.25,0.29436692631332345
Brooks Sport,2.75,7.0,8.5,3.0,0.0,21.25,1.0,0.0,0.0,0.0,1.0,18.0,18.0,1.0,37.0,2.0,1.0,2.0,2.0,1.0,4.0,12.0,2.0,2.0,6.0,0.0,2.0,7.0,19.0,90.25,21.8,0.02776314237402715
Brunello Cucinelli,3.75,2.5,5.0,0.5,1.0,12.75,1.0,2.0,1.0,0.0,4.0,0.0,0.0,0.0,0.0,2.0,2.0,1.0,1.0,0.0,4.0,10.0,0.0,2.0,1.0,1.0,1.0,3.0,8.0,34.75,13.5,0.26714528396931714
Buckle,1.0,3.0,1.0,0.0,0.0,5.0,1.0,0.0,0.0,0.0,1.0,0.0,0.0,0.0,0.0,0.0,0.0,0.0,0.0,0.0,4.0,4.0,0.0,0.0,0.0,0.0,0.0,0.0,0.0,10.0,5.2,0.05820432130854955
Burberry,4.75,7.5,12.0,1.5,1.0,26.75,1.0,2.0,1.0,5.0,9.0,0.0,0.0,1.0,1.0,6.0,3.0,2.0,0.0,3.0,6.0,20.0,6.0,5.0,6.0,3.0,5.0,14.0,39.0,95.75,27.7,0.26403890057276863
Burlington,3.5,4.5,6.5,1.5,0.0,16.0,1.0,2.0,0.0,0.0,3.0,0.0,0.0,0.0,0.0,3.0,0.0,0.0,0.0,1.0,5.0,9.0,2.0,2.0,0.0,1.0,0.0,3.0,8.0,36.0,16.7,0.2585154128190631
C&A,3.5,8.5,14.0,3.0,0.0,29.0,1.0,2.0,0.0,5.0,8.0,22.0,21.0,12.0,55.0,6.0,5.0,4.0,6.0,3.0,6.0,30.0,11.0,3.0,9.0,7.0,5.0,12.0,47.0,169.0,29.7,0.21682150510949733
Calvin Klein,4.0,6.75,12.5,3.0,0.0,26.25,1.0,2.0,1.0,2.0,6.0,17.0,14.0,1.0,32.0,5.0,4.0,2.0,6.0,2.0,3.0,22.0,5.0,4.0,8.0,2.0,6.0,9.0,34.0,120.25,27.05,0.21781503272641914
Calzedonia,4.75,8.5,11.0,3.0,0.0,27.25,1.0,2.0,1.0,1.0,5.0,25.0,23.0,21.0,69.0,2.0,3.0,3.0,6.0,1.0,4.0,19.0,8.0,4.0,7.0,6.0,4.0,7.0,36.0,156.25,28.2,0.18224534625250488
Canada Goose,3.25,5.0,7.0,1.5,0.0,16.75,1.0,2.0,1.0,2.0,6.0,0.0,0.0,1.0,1.0,0.0,0.0,1.0,1.0,1.0,1.0,4.0,0.0,0.0,5.0,2.0,2.0,2.0,11.0,38.75,17.4,0.3384499802140465
Carhartt,2.25,4.75,0.5,0.0,0.0,7.5,0.0,1.0,0.0,0.0,1.0,6.0,0.0,0.0,6.0,1.0,0.0,1.0,0.0,0.0,0.0,2.0,0.0,0.0,0.0,2.0,0.0,0.0,2.0,18.5,7.95,0.20195704722866245
Carolina Herrera,3.5,6.75,6.5,1.5,1.0,19.25,1.0,2.0,1.0,0.0,4.0,0.0,0.0,0.0,0.0,1.0,0.0,2.0,0.0,0.0,1.0,4.0,0.0,2.0,0.0,0.0,1.0,9.0,12.0,39.25,19.95,0.24790308112916448
CAROLL,2.5,2.0,0.0,0.0,0.0,4.5,0.0,0.0,0.0,0.0,0.0,0.0,0.0,0.0,0.0,1.0,1.0,2.0,0.0,0.0,2.0,6.0,0.0,0.0,1.0,0.0,0.0,0.0,1.0,11.5,5.0,0.0
Carrefour,3.5,6.75,8.5,3.0,1.0,22.75,1.0,2.0,1.0,3.0,7.0,6.0,0.0,1.0,7.0,5.0,5.0,1.0,0.0,1.0,5.0,17.0,0.0,1.0,0.0,0.0,1.0,3.0,5.0,58.75,23.45,0.2698341348969391
Carter's,3.25,7.5,8.5,3.0,1.0,23.25,0.0,2.0,1.0,0.0,3.0,0.0,0.0,1.0,1.0,1.0,3.0,1.0,1.0,1.0,5.0,12.0,1.0,2.0,6.0,2.0,3.0,8.0,22.0,61.25,23.9,0.19293958091020263
CELINE,4.5,7.5,11.5,3.0,1.0,27.5,1.0,3.0,1.0,2.0,7.0,0.0,0.0,1.0,1.0,2.0,5.0,2.0,0.0,0.0,4.0,13.0,0.0,2.0,4.0,3.0,5.0,13.0,27.0,75.5,28.4,0.29342513797424385
celio,0.25,0.0,0.5,0.0,0.0,0.75,0.0,0.0,0.0,0.0,0.0,0.0,0.0,0.0,0.0,0.0,0.0,0.0,1.0,0.0,0.0,1.0,0.0,0.0,0.0,0.0,0.0,0.0,0.0,1.75,0.8,0.0
Champion,4.0,6.75,8.0,3.0,0.0,21.75,1.0,2.0,0.0,2.0,5.0,15.0,15.0,1.0,31.0,0.0,1.0,1.0,1.0,0.0,5.0,8.0,3.0,2.0,8.0,2.0,5.0,8.0,28.0,93.75,22.55,0.2414468823690631
Chanel,2.75,3.25,2.0,1.5,0.0,9.5,0.0,2.0,1.0,0.0,3.0,0.0,0.0,1.0,1.0,1.0,0.0,0.0,0.0,0.0,0.0,1.0,0.0,2.0,0.0,1.0,0.0,9.0,12.0,26.5,10.05,0.32599942906100987
Chico's,3.75,6.5,6.5,0.5,0.0,17.25,0.0,2.0,0.0,0.0,2.0,0.0,0.0,1.0,1.0,2.0,2.0,1.0,0.0,0.0,5.0,10.0,0.0,0.0,0.0,2.0,2.0,0.0,4.0,34.25,18.0,0.24054414171312588
Chloé,4.25,8.25,9.0,1.5,1.0,24.0,1.0,2.0,1.0,4.0,8.0,15.0,16.0,16.0,47.0,2.0,2.0,1.0,0.0,0.0,1.0,6.0,0.0,2.0,4.0,2.0,5.0,9.0,22.0,107.0,24.85,0.28410768382195517
Clarks,2.75,6.0,3.0,0.0,0.0,11.75,1.0,0.0,1.0,0.0,2.0,12.0,0.0,1.0,13.0,3.0,0.0,1.0,1.0,1.0,4.0,10.0,1.0,2.0,1.0,2.0,0.0,0.0,6.0,42.75,12.3,0.0716211894631911
COACH,4.0,4.75,8.0,3.0,1.0,20.75,1.0,3.0,1.0,4.0,9.0,19.0,0.0,1.0,20.0,1.0,5.0,3.0,2.0,1.0,4.0,16.0,4.0,4.0,8.0,6.0,4.0,12.0,38.0,103.75,21.55,0.3237722071519138
Columbia Sportswear,3.5,7.25,8.0,2.0,0.0,20.75,1.0,2.0,0.0,2.0,5.0,21.0,21.0,1.0,43.0,1.0,1.0,1.0,5.0,1.0,3.0,12.0,1.0,2.0,2.0,3.0,2.0,1.0,11.0,91.75,21.45,0.2619985213284517
Converse,3.75,7.5,13.5,3.0,1.0,28.75,1.0,2.0,1.0,0.0,4.0,19.0,20.0,1.0,40.0,5.0,4.0,2.0,1.0,2.0,3.0,17.0,5.0,4.0,8.0,5.0,4.0,9.0,35.0,124.75,29.5,0.16832299980915705
Cortefiel,3.75,4.5,10.5,1.5,1.0,21.25,1.0,2.0,0.0,0.0,3.0,0.0,0.0,1.0,1.0,3.0,0.0,2.0,1.0,1.0,5.0,12.0,0.0,1.0,3.0,3.0,0.0,7.0,14.0,51.25,22.0,0.21245988818147304
Costco,2.5,5.25,4.5,0.0,0.0,12.25,0.0,1.0,0.0,2.0,3.0,0.0,0.0,1.0,1.0,0.0,0.0,0.0,1.0,1.0,3.0,5.0,0.0,2.0,0.0,0.0,0.0,1.0,3.0,24.25,12.75,0.2581250031074175
Cotton On,1.75,5.0,6.5,1.5,0.0,14.75,0.0,0.0,0.0,2.0,2.0,15.0,0.0,1.0,16.0,3.0,0.0,1.0,1.0,2.0,4.0,11.0,1.0,0.0,6.0,0.0,0.0,4.0,11.0,54.75,15.1,0.07682361532019796
Decathlon,3.0,7.0,8.5,3.0,1.0,22.5,0.0,1.0,0.0,1.0,2.0,0.0,0.0,1.0,1.0,4.0,3.0,2.0,2.0,0.0,3.0,14.0,1.0,0.0,9.0,3.0,2.0,10.0,25.0,64.5,23.1,0.11519594128151141
Deichmann,0.5,4.5,0.5,0.0,0.0,5.5,0.0,0.0,0.0,0.0,0.0,0.0,0.0,0.0,0.0,0.0,0.0,0.0,0.0,0.0,0.0,0.0,0.0,0.0,0.0,0.0,0.0,0.0,0.0,5.5,5.6,0.0
Desigual,4.5,5.0,4.5,1.5,1.0,16.5,1.0,0.0,0.0,0.0,1.0,13.0,14.0,0.0,27.0,0.0,0.0,1.0,0.0,0.0,3.0,4.0,0.0,3.0,1.0,1.0,1.0,7.0,13.0,61.5,17.4,0.03187310533089354
Dick's Sporting Goods,3.75,4.25,8.5,3.0,0.0,19.5,1.0,2.0,0.0,2.0,5.0,15.0,16.0,0.0,31.0,3.0,0.0,0.0,1.0,1.0,3.0,8.0,1.0,0.0,2.0,0.0,0.0,2.0,5.0,68.5,20.25,0.27991022363446993
Diesel,2.75,8.5,7.5,0.5,0.0,19.25,1.0,0.0,1.0,0.0,2.0,0.0,0.0,1.0,1.0,3.0,2.0,1.0,0.0,1.0,3.0,10.0,1.0,1.0,1.0,3.0,1.0,8.0,15.0,47.25,19.8,0.0633796279429733
Dillard's,1.25,3.5,0.5,0.0,0.0,5.25,1.0,0.0,0.0,0.0,1.0,0.0,0.0,0.0,0.0,0.0,0.0,1.0,0.0,0.0,1.0,2.0,0.0,0.0,0.0,0.0,0.0,0.0,0.0,8.25,5.5,0.06261978852700616
Dior,4.5,7.5,10.0,3.0,1.0,26.0,1.0,3.0,1.0,2.0,7.0,0.0,0.0,1.0,1.0,2.0,5.0,2.0,0.0,0.0,4.0,13.0,0.0,2.0,4.0,2.0,5.0,13.0,26.0,73.0,26.9,0.29796774024813155
Disney,3.5,5.5,5.5,1.5,0.0,16.0,1.0,2.0,1.0,0.0,4.0,9.0,9.0,0.0,18.0,2.0,1.0,1.0,5.0,1.0,1.0,11.0,2.0,0.0,1.0,0.0,1.0,2.0,6.0,55.0,16.7,0.27328020358515004
DKNY,0.0,1.5,0.0,0.0,0.0,1.5,0.0,0.0,0.0,0.0,0.0,0.0,0.0,0.0,0.0,0.0,0.0,0.0,0.0,0.0,0.0,0.0,0.0,0.0,0.0,0.0,0.0,0.0,0.0,1.5,1.5,0.0
Dolce & Gabbana,1.25,1.0,0.0,0.0,0.0,2.25,0.0,1.0,1.0,0.0,2.0,0.0,0.0,0.0,0.0,0.0,0.0,0.0,0.0,0.0,0.0,0.0,0.0,0.0,0.0,0.0,0.0,0.0,0.0,4.25,2.5,0.2879520259311345
Dr. Martens,3.25,7.25,9.5,3.0,1.0,24.0,1.0,2.0,1.0,5.0,9.0,16.0,0.0,1.0,17.0,5.0,3.0,2.0,2.0,1.0,1.0,14.0,2.0,3.0,4.0,5.0,0.0,10.0,24.0,88.0,24.65,0.3012415178710163
Dressmann,4.25,7.5,13.5,3.0,1.0,29.25,1.0,2.0,0.0,4.0,7.0,23.0,23.0,17.0,63.0,5.0,5.0,2.0,6.0,3.0,6.0,27.0,7.0,2.0,9.0,6.0,4.0,7.0,35.0,161.25,30.1,0.20392176232237674
DSW,3.0,4.25,3.0,0.0,0.0,10.25,1.0,0.0,0.0,0.0,1.0,0.0,0.0,0.0,0.0,0.0,0.0,1.0,0.0,0.0,2.0,3.0,0.0,0.0,0.0,3.0,0.0,0.0,3.0,17.25,10.85,0.04838383088615705
Eddie Bauer,1.5,3.0,2.5,0.5,0.0,7.5,0.0,0.0,0.0,0.0,0.0,0.0,0.0,1.0,1.0,0.0,0.0,1.0,0.0,0.0,0.0,1.0,0.0,0.0,0.0,1.0,1.0,0.0,2.0,11.5,7.8,0.0
El Corte Inglés,4.0,7.0,7.5,2.0,1.0,21.5,1.0,2.0,1.0,0.0,4.0,8.0,0.0,1.0,9.0,1.0,0.0,2.0,1.0,1.0,5.0,10.0,1.0,2.0,5.0,3.0,1.0,3.0,15.0,59.5,22.3,0.22090872555151725
Ermenegildo Zegna,3.25,5.75,7.0,1.5,1.0,18.5,1.0,2.0,0.0,0.0,3.0,17.0,18.0,1.0,36.0,0.0,0.0,0.0,0.0,1.0,4.0,5.0,0.0,1.0,6.0,2.0,1.0,9.0,19.0,81.5,19.15,0.20924146401729526
Esprit,4.25,8.25,9.0,1.5,0.0,23.0,1.0,1.0,0.0,1.0,3.0,21.0,17.0,15.0,53.0,2.0,2.0,1.0,7.0,1.0,5.0,18.0,5.0,1.0,4.0,3.0,0.0,2.0,15.0,112.0,23.85,0.1323394341860341
Express,2.0,5.25,2.0,0.0,0.0,9.25,0.0,0.0,0.0,2.0,2.0,0.0,0.0,0.0,0.0,0.0,0.0,1.0,0.0,0.0,1.0,2.0,0.0,2.0,0.0,0.0,0.0,0.0,2.0,15.25,9.65,0.11859205619155788
Fabletics,1.0,0.0,1.0,0.0,0.0,2.0,0.0,0.0,0.0,0.0,0.0,0.0,0.0,0.0,0.0,0.0,0.0,0.0,0.0,0.0,0.0,0.0,0.0,0.0,0.0,2.0,0.0,0.0,2.0,4.0,2.2,0.0
Falabella,3.5,0.0,5.0,0.0,1.0,9.5,1.0,0.0,0.0,0.0,1.0,0.0,0.0,0.0,0.0,1.0,0.0,0.0,1.0,0.0,5.0,7.0,1.0,1.0,1.0,1.0,2.0,3.0,9.0,26.5,10.2,0.03896710330826927
Famous Footwear,2.5,3.75,3.5,3.0,0.0,12.75,1.0,0.0,0.0,0.0,1.0,0.0,0.0,1.0,1.0,0.0,0.0,0.0,0.0,0.0,1.0,1.0,0.0,1.0,3.0,0.0,1.0,2.0,7.0,22.75,13.25,0.04192818156251754
Fanatics,2.5,7.25,5.5,0.0,0.0,15.25,0.0,0.0,0.0,0.0,0.0,17.0,0.0,0.0,17.0,1.0,0.0,1.0,2.0,3.0,2.0,9.0,2.0,1.0,0.0,0.0,0.0,0.0,3.0,44.25,15.75,0.0
Fashion Nova,0.0,0.75,0.0,0.0,0.0,0.75,0.0,0.0,0.0,0.0,0.0,0.0,0.0,0.0,0.0,0.0,0.0,0.0,0.0,0.0,0.0,0.0,0.0,0.0,0.0,0.0,0.0,0.0,0.0,0.75,0.75,0.0
Fendi,5.0,7.5,11.0,3.0,1.0,27.5,1.0,3.0,1.0,5.0,10.0,21.0,22.0,15.0,58.0,2.0,5.0,2.0,2.0,2.0,4.0,17.0,0.0,3.0,7.0,5.0,5.0,13.0,33.0,145.5,28.5,0.302868890320387
Fila,2.75,5.0,6.5,3.0,1.0,18.25,1.0,1.0,0.0,0.0,2.0,0.0,0.0,1.0,1.0,0.0,1.0,2.0,1.0,0.0,4.0,8.0,1.0,1.0,2.0,1.0,1.0,2.0,8.0,37.25,18.8,0.13383991022652986
Fjällräven,4.25,8.75,12.0,3.0,0.0,28.0,1.0,1.0,1.0,2.0,5.0,15.0,0.0,1.0,16.0,5.0,5.0,2.0,5.0,3.0,6.0,26.0,4.0,2.0,5.0,5.0,2.0,7.0,25.0,100.0,28.85,0.15059904021543985
Foot Locker,2.5,4.0,4.0,0.5,0.0,11.0,1.0,2.0,1.0,0.0,4.0,0.0,0.0,0.0,0.0,0.0,0.0,0.0,0.0,0.0,1.0,1.0,0.0,2.0,0.0,0.0,0.0,5.0,7.0,23.0,11.5,0.3329511224757213
Foschini,2.75,3.5,8.5,3.0,0.0,17.75,1.0,2.0,0.0,3.0,6.0,0.0,0.0,0.0,0.0,3.0,3.0,1.0,0.0,1.0,5.0,13.0,1.0,1.0,0.0,3.0,1.0,2.0,8.0,44.75,18.3,0.316469482824852
Fossil,3.25,5.0,7.5,3.0,0.0,18.75,1.0,0.0,0.0,0.0,1.0,8.0,0.0,1.0,9.0,0.0,0.0,0.0,1.0,1.0,1.0,3.0,0.0,2.0,0.0,4.0,1.0,1.0,8.0,39.75,19.4,0.035299259211283886
Free People,2.75,4.25,2.5,3.0,0.0,12.5,1.0,2.0,1.0,0.0,4.0,0.0,0.0,0.0,0.0,3.0,0.0,1.0,0.0,0.0,1.0,5.0,1.0,0.0,5.0,4.0,1.0,0.0,11.0,32.5,13.05,0.2777898354064313
Fruit of the Loom,3.25,6.5,8.5,1.5,0.0,19.75,1.0,2.0,0.0,2.0,5.0,18.0,17.0,0.0,35.0,1.0,1.0,0.0,0.0,0.0,2.0,4.0,8.0,1.0,1.0,1.0,3.0,6.0,20.0,83.75,20.4,0.28587789815078907
Furla,2.5,3.75,1.5,0.0,0.0,7.75,1.0,0.0,0.0,0.0,1.0,0.0,0.0,0.0,0.0,0.0,0.0,0.0,0.0,0.0,3.0,3.0,0.0,0.0,0.0,0.0,0.0,0.0,0.0,11.75,8.25,0.052988259798628014
G-Star RAW,2.0,8.5,12.5,1.5,0.0,24.5,1.0,0.0,0.0,0.0,1.0,26.0,26.0,1.0,53.0,3.0,3.0,2.0,8.0,3.0,3.0,22.0,7.0,0.0,7.0,3.0,4.0,1.0,22.0,122.5,24.9,0.023103211225050352
Gap,4.75,7.5,14.0,3.0,1.0,30.25,1.0,2.0,1.0,2.0,6.0,13.0,13.0,1.0,27.0,5.0,4.0,2.0,4.0,3.0,5.0,23.0,3.0,4.0,8.0,2.0,6.0,11.0,34.0,120.25,31.2,0.19863591205857664
Gerry Weber,1.75,5.0,5.0,1.5,0.0,13.25,0.0,0.0,0.0,0.0,0.0,0.0,0.0,1.0,1.0,2.0,0.0,1.0,0.0,0.0,0.0,3.0,0.0,1.0,2.0,0.0,0.0,0.0,3.0,20.25,13.6,0.0
Gildan,4.0,8.75,13.0,3.0,1.0,29.75,1.0,2.0,1.0,6.0,10.0,22.0,23.0,0.0,45.0,5.0,5.0,2.0,1.0,3.0,5.0,21.0,6.0,3.0,6.0,1.0,4.0,8.0,28.0,133.75,30.55,0.26220338486675787
GU,4.0,7.5,12.0,2.0,1.0,26.5,1.0,2.0,1.0,0.0,4.0,19.0,13.0,1.0,33.0,6.0,5.0,2.0,6.0,3.0,4.0,26.0,5.0,4.0,5.0,5.0,7.0,11.0,37.0,126.5,27.3,0.1646642963379246
Gucci,5.0,8.75,14.5,3.0,1.0,32.25,1.0,3.0,1.0,5.0,10.0,25.0,25.0,21.0,71.0,6.0,5.0,2.0,3.0,3.0,6.0,25.0,12.0,5.0,9.0,9.0,8.0,18.0,61.0,199.25,33.25,0.25081012570117606
GUESS,3.75,5.0,7.5,1.0,0.0,17.25,1.0,2.0,0.0,0.0,3.0,16.0,13.0,1.0,30.0,0.0,3.0,2.0,1.0,1.0,0.0,7.0,0.0,2.0,5.0,4.0,0.0,9.0,20.0,77.25,18.0,0.22898152932897758
Gymshark,1.5,3.0,4.5,0.0,0.0,9.0,1.0,0.0,1.0,0.0,2.0,14.0,15.0,0.0,29.0,4.0,2.0,1.0,8.0,2.0,0.0,17.0,1.0,4.0,2.0,2.0,0.0,1.0,10.0,67.0,9.3,0.06600431585382929
H&M,5.0,8.25,12.5,3.0,1.0,29.75,1.0,3.0,1.0,6.0,11.0,20.0,19.0,16.0,55.0,6.0,5.0,2.0,6.0,3.0,2.0,24.0,17.0,5.0,9.0,7.0,4.0,16.0,58.0,177.75,30.75,0.28635922602808406
Hanes,4.0,6.75,8.0,3.0,0.0,21.75,1.0,2.0,0.0,2.0,5.0,15.0,15.0,1.0,31.0,0.0,1.0,1.0,1.0,0.0,5.0,8.0,3.0,2.0,8.0,2.0,5.0,8.0,28.0,93.75,22.55,0.2414468823690631
Heilan Home,0.0,0.0,0.0,0.0,0.0,0.0,0.0,0.0,0.0,0.0,0.0,0.0,0.0,0.0,0.0,0.0,0.0,0.0,0.0,0.0,0.0,0.0,0.0,0.0,0.0,0.0,0.0,0.0,0.0,0.0,0.0,0.0
Helly Hansen,1.5,5.5,6.5,0.5,0.0,14.0,1.0,0.0,0.0,0.0,1.0,21.0,18.0,1.0,40.0,5.0,4.0,2.0,0.0,2.0,0.0,13.0,1.0,0.0,4.0,1.0,2.0,0.0,8.0,76.0,14.3,0.031027257104420766
HEMA,3.0,4.25,4.0,1.0,0.0,12.25,1.0,0.0,0.0,0.0,1.0,18.0,19.0,1.0,38.0,0.0,0.0,1.0,5.0,0.0,0.0,6.0,0.0,0.0,1.0,1.0,0.0,0.0,2.0,59.25,12.85,0.03869701226994065
Hermès,3.25,5.5,9.5,1.5,1.0,20.75,1.0,3.0,1.0,3.0,8.0,5.0,5.0,1.0,11.0,3.0,3.0,2.0,2.0,2.0,1.0,13.0,0.0,3.0,2.0,1.0,3.0,8.0,17.0,69.75,21.4,0.36434492489509696
Hollister Co.,3.5,7.25,7.5,3.0,0.0,21.25,1.0,2.0,0.0,2.0,5.0,19.0,18.0,1.0,38.0,2.0,0.0,1.0,3.0,1.0,2.0,9.0,2.0,1.0,3.0,2.0,0.0,2.0,10.0,83.25,21.95,0.2642798608275797
Hudson's Bay,1.75,4.25,4.5,0.0,0.0,10.5,0.0,0.0,0.0,0.0,0.0,7.0,0.0,0.0,7.0,0.0,0.0,1.0,0.0,1.0,2.0,4.0,0.0,0.0,0.0,0.0,0.0,0.0,0.0,21.5,10.85,0.0
Hugo Boss,4.75,8.25,11.0,3.0,1.0,28.0,1.0,3.0,1.0,6.0,11.0,20.0,17.0,1.0,38.0,4.0,4.0,2.0,3.0,2.0,6.0,21.0,5.0,3.0,9.0,5.0,6.0,11.0,39.0,137.0,28.95,0.31667864791450795
Intimissimi,4.75,8.5,11.0,3.0,0.0,27.25,1.0,2.0,1.0,1.0,5.0,25.0,23.0,21.0,69.0,2.0,3.0,3.0,6.0,1.0,4.0,19.0,8.0,4.0,7.0,6.0,4.0,7.0,36.0,156.25,28.2,0.18224534625250488
Ito-Yokado,2.5,6.75,7.0,1.0,0.0,17.25,0.0,2.0,0.0,0.0,2.0,0.0,0.0,1.0,1.0,0.0,0.0,0.0,0.0,1.0,3.0,4.0,0.0,0.0,0.0,0.0,0.0,3.0,3.0,27.25,17.75,0.26843425536346466
Jack & Jones,3.0,6.0,9.0,3.0,0.0,21.0,1.0,0.0,1.0,2.0,4.0,19.0,19.0,1.0,39.0,5.0,1.0,2.0,5.0,3.0,3.0,19.0,3.0,1.0,6.0,1.0,1.0,7.0,19.0,102.0,21.6,0.0959017646894023
Jack Wolfskin,3.0,5.5,8.0,0.0,0.0,16.5,1.0,0.0,0.0,0.0,1.0,17.0,12.0,1.0,30.0,1.0,0.0,1.0,1.0,0.0,3.0,6.0,3.0,0.0,1.0,2.0,1.0,1.0,8.0,61.5,17.1,0.03676389597347544
JD Sports,2.25,3.75,6.0,0.5,0.0,12.5,0.0,2.0,0.0,3.0,5.0,13.0,14.0,1.0,28.0,3.0,3.0,1.0,1.0,1.0,3.0,12.0,1.0,2.0,7.0,0.0,1.0,5.0,16.0,73.5,12.95,0.33266265839561515
Jil Sander,2.75,7.5,7.5,1.5,0.0,19.25,1.0,0.0,1.0,0.0,2.0,0.0,0.0,1.0,1.0,4.0,3.0,1.0,0.0,0.0,4.0,12.0,1.0,1.0,0.0,0.0,1.0,7.0,10.0,44.25,19.8,0.061683168471572854
Jockey,0.25,2.75,1.0,0.0,0.0,4.0,0.0,0.0,0.0,0.0,0.0,0.0,0.0,0.0,0.0,1.0,0.0,0.0,0.0,0.0,0.0,1.0,0.0,0.0,0.0,0.0,0.0,0.0,0.0,5.0,4.05,0.0
Joe Fresh,3.25,4.75,3.0,0.5,0.0,11.5,1.0,2.0,0.0,3.0,6.0,6.0,0.0,1.0,7.0,2.0,2.0,0.0,2.0,0.0,3.0,9.0,0.0,2.0,3.0,1.0,0.0,5.0,11.0,44.5,12.15,0.3883951391422745
John Lewis,4.0,6.0,8.5,1.5,1.0,21.0,0.0,2.0,1.0,2.0,5.0,14.0,0.0,1.0,15.0,5.0,1.0,1.0,3.0,1.0,2.0,13.0,6.0,5.0,5.0,4.0,0.0,6.0,26.0,80.0,21.8,0.24854924949013013
Jordan,3.75,7.5,13.5,3.0,1.0,28.75,1.0,2.0,1.0,0.0,4.0,19.0,20.0,1.0,40.0,5.0,4.0,2.0,1.0,2.0,3.0,17.0,5.0,4.0,8.0,5.0,4.0,9.0,35.0,124.75,29.5,0.16832299980915705
K-Way,0.0,0.0,0.0,0.0,0.0,0.0,0.0,0.0,0.0,0.0,0.0,0.0,0.0,0.0,0.0,0.0,0.0,0.0,0.0,0.0,0.0,0.0,0.0,0.0,0.0,0.0,0.0,0.0,0.0,0.0,0.0,0.0
Kate Spade,4.0,4.75,8.0,3.0,1.0,20.75,1.0,3.0,1.0,4.0,9.0,19.0,0.0,1.0,20.0,1.0,5.0,3.0,2.0,1.0,4.0,16.0,4.0,4.0,8.0,4.0,4.0,12.0,36.0,101.75,21.55,0.32613865422496624
Kathmandu,4.0,6.25,9.5,1.5,1.0,22.25,1.0,0.0,0.0,2.0,3.0,18.0,12.0,1.0,31.0,4.0,1.0,0.0,0.0,1.0,3.0,9.0,3.0,1.0,1.0,0.0,0.0,2.0,7.0,72.25,23.05,0.08543501371470452
Kaufland,1.75,4.25,2.5,0.5,0.0,9.0,1.0,0.0,0.0,0.0,1.0,6.0,7.0,1.0,14.0,0.0,0.0,0.0,0.0,0.0,3.0,3.0,0.0,0.0,1.0,0.0,0.0,1.0,2.0,29.0,9.35,0.05083612423019416
Kiabi,3.0,2.25,5.5,1.5,1.0,13.25,1.0,2.0,0.0,2.0,5.0,0.0,0.0,0.0,0.0,2.0,2.0,2.0,2.0,1.0,0.0,9.0,0.0,0.0,6.0,7.0,0.0,0.0,13.0,40.25,13.85,0.30346499289319623
KiK,2.75,6.25,8.0,0.5,0.0,17.5,1.0,0.0,0.0,0.0,1.0,8.0,0.0,1.0,9.0,2.0,0.0,1.0,0.0,2.0,5.0,10.0,0.0,2.0,0.0,0.0,1.0,1.0,4.0,41.5,18.05,0.03527475095999077
Kmart,2.0,5.5,2.5,0.0,0.0,10.0,1.0,0.0,0.0,2.0,3.0,0.0,0.0,0.0,0.0,0.0,0.0,0.0,0.0,2.0,1.0,3.0,0.0,0.0,0.0,0.0,0.0,0.0,0.0,16.0,10.4,0.140635068593728
Kmart Australia,4.25,8.25,11.5,3.0,1.0,28.0,1.0,2.0,1.0,6.0,10.0,23.0,23.0,19.0,65.0,6.0,5.0,3.0,14.0,3.0,6.0,37.0,16.0,4.0,8.0,4.0,8.0,11.0,51.0,191.0,28.85,0.2262266150638828
Kohl's,3.5,4.75,10.0,1.5,0.0,19.75,0.0,1.0,0.0,2.0,3.0,0.0,0.0,1.0,1.0,1.0,0.0,0.0,1.0,0.0,4.0,6.0,1.0,0.0,4.0,0.0,3.0,4.0,12.0,41.75,20.45,0.19366351567839846
KOOVS,0.0,0.0,0.0,0.0,0.0,0.0,0.0,0.0,0.0,0.0,0.0,0.0,0.0,0.0,0.0,0.0,0.0,0.0,0.0,0.0,0.0,0.0,0.0,0.0,0.0,0.0,0.0,0.0,0.0,0.0,0.0,0.0
La Redoute,3.0,5.5,6.5,1.5,1.0,17.5,1.0,0.0,0.0,0.0,1.0,0.0,0.0,1.0,1.0,1.0,0.0,0.0,1.0,0.0,2.0,4.0,0.0,1.0,4.0,3.0,0.0,0.0,8.0,31.5,18.1,0.035487692844250456
Lacoste,4.0,6.75,9.0,3.0,1.0,23.75,1.0,2.0,1.0,2.0,6.0,18.0,19.0,1.0,38.0,2.0,3.0,2.0,0.0,1.0,4.0,12.0,0.0,0.0,9.0,2.0,1.0,2.0,14.0,93.75,24.55,0.23504640320982195
Lands' End,2.5,5.5,8.5,0.5,0.0,17.0,1.0,2.0,0.0,2.0,5.0,0.0,0.0,1.0,1.0,0.0,0.0,1.0,0.0,1.0,4.0,6.0,0.0,0.0,2.0,0.0,0.0,0.0,2.0,31.0,17.5,0.3432581337887529
LC Waikiki,0.25,3.75,3.0,0.0,0.0,7.0,0.0,0.0,0.0,0.0,0.0,0.0,0.0,1.0,1.0,0.0,0.0,0.0,0.0,1.0,0.0,1.0,0.0,0.0,0.0,0.0,0.0,0.0,0.0,9.0,7.05,0.0
Levi Strauss & Co,4.0,7.5,14.5,3.0,1.0,30.0,1.0,2.0,1.0,5.0,9.0,20.0,20.0,16.0,56.0,4.0,4.0,2.0,2.0,2.0,4.0,18.0,6.0,4.0,5.0,5.0,7.0,11.0,38.0,151.0,30.8,0.2461465635009378
Li-Ning,2.75,4.75,7.0,0.0,0.0,14.5,1.0,1.0,0.0,0.0,2.0,0.0,0.0,0.0,0.0,0.0,0.0,2.0,0.0,0.0,0.0,2.0,0.0,1.0,0.0,0.0,1.0,1.0,3.0,21.5,15.05,0.18017160028095824
Lidl,4.5,7.0,9.5,1.5,0.0,22.5,1.0,2.0,1.0,1.0,5.0,8.0,0.0,1.0,9.0,3.0,3.0,1.0,2.0,2.0,5.0,16.0,2.0,2.0,2.0,1.0,0.0,3.0,10.0,62.5,23.4,0.2486634824338715
Lindex,2.75,7.0,11.0,3.0,0.0,23.75,1.0,1.0,0.0,2.0,4.0,16.0,18.0,1.0,35.0,4.0,4.0,2.0,5.0,2.0,1.0,18.0,5.0,2.0,5.0,5.0,3.0,8.0,28.0,108.75,24.3,0.15260828205296714
LL Bean,0.75,2.75,3.0,0.5,0.0,7.0,0.0,0.0,0.0,0.0,0.0,10.0,0.0,1.0,11.0,0.0,0.0,0.0,0.0,0.0,0.0,0.0,0.0,0.0,2.0,1.0,0.0,0.0,3.0,21.0,7.15,0.0
Longchamp,1.0,0.0,2.0,0.0,0.0,3.0,1.0,0.0,0.0,0.0,1.0,0.0,0.0,0.0,0.0,0.0,0.0,0.0,0.0,0.0,0.0,0.0,0.0,0.0,0.0,2.0,0.0,0.0,2.0,6.0,3.2,0.07100996336896181
Louis Vuitton,4.5,7.5,10.5,1.5,1.0,25.0,1.0,3.0,1.0,2.0,7.0,0.0,0.0,1.0,1.0,2.0,5.0,2.0,0.0,0.0,4.0,13.0,0.0,1.0,4.0,3.0,5.0,13.0,26.0,72.0,25.9,0.30809927713538915
Lululemon,4.0,7.75,13.0,3.0,1.0,28.75,1.0,2.0,1.0,2.0,6.0,19.0,19.0,1.0,39.0,3.0,2.0,3.0,6.0,1.0,5.0,20.0,3.0,6.0,9.0,6.0,2.0,10.0,36.0,129.75,29.55,0.2043441292722868
Macy's,3.25,4.25,3.0,2.0,0.0,12.5,0.0,0.0,0.0,0.0,0.0,0.0,0.0,0.0,0.0,0.0,0.0,0.0,0.0,0.0,0.0,0.0,0.0,4.0,0.0,0.0,0.0,0.0,4.0,16.5,13.15,0.0
Mammut,2.0,4.25,8.5,1.5,0.0,16.25,1.0,2.0,0.0,2.0,5.0,21.0,0.0,1.0,22.0,3.0,0.0,2.0,1.0,2.0,6.0,14.0,6.0,1.0,6.0,5.0,2.0,9.0,29.0,86.25,16.65,0.2630972365493879
Mango,4.25,6.25,12.5,3.0,1.0,27.0,1.0,2.0,1.0,2.0,6.0,14.0,15.0,11.0,40.0,4.0,2.0,2.0,6.0,1.0,6.0,21.0,2.0,3.0,8.0,5.0,1.0,9.0,28.0,122.0,27.85,0.21469609536615128
Marc Jacobs,4.5,7.5,10.0,3.0,1.0,26.0,1.0,3.0,1.0,2.0,7.0,0.0,0.0,1.0,1.0,2.0,5.0,2.0,0.0,0.0,4.0,13.0,0.0,1.0,4.0,1.0,5.0,13.0,24.0,71.0,26.9,0.29928170893189826
Marks & Spencer,4.0,7.25,11.5,1.5,1.0,25.25,0.0,2.0,1.0,1.0,4.0,13.0,0.0,9.0,22.0,5.0,1.0,2.0,3.0,3.0,5.0,19.0,3.0,3.0,8.0,4.0,1.0,6.0,25.0,95.25,26.05,0.19266355407086566
Marni,2.0,7.75,8.0,0.5,0.0,18.25,1.0,0.0,1.0,0.0,2.0,0.0,0.0,1.0,1.0,3.0,3.0,1.0,0.0,0.0,2.0,9.0,2.0,1.0,1.0,0.0,1.0,7.0,12.0,42.25,18.65,0.06662408812287103
Massimo Dutti,4.5,7.5,13.5,3.0,1.0,29.5,1.0,2.0,1.0,6.0,10.0,0.0,0.0,8.0,8.0,6.0,5.0,3.0,3.0,3.0,5.0,25.0,11.0,6.0,9.0,8.0,4.0,14.0,52.0,124.5,30.4,0.25152876386136025
Matalan,3.75,6.75,6.5,1.5,0.0,18.5,1.0,1.0,1.0,0.0,3.0,16.0,15.0,0.0,31.0,3.0,0.0,1.0,4.0,2.0,2.0,12.0,0.0,1.0,5.0,1.0,0.0,2.0,9.0,73.5,19.25,0.15017093574050555
Max,1.25,0.0,0.0,0.0,0.0,1.25,0.0,0.0,0.0,0.0,0.0,0.0,0.0,0.0,0.0,0.0,0.0,0.0,0.0,0.0,1.0,1.0,0.0,0.0,0.0,0.0,0.0,0.0,0.0,2.25,1.5,0.0
Max Mara,0.0,0.25,0.5,0.0,0.0,0.75,0.0,0.0,0.0,0.0,0.0,0.0,0.0,0.0,0.0,0.0,0.0,0.0,0.0,0.0,0.0,0.0,0.0,0.0,0.0,0.0,0.0,0.0,0.0,0.75,0.75,0.0
Merrell,1.75,4.0,6.5,0.0,0.0,12.25,0.0,1.0,1.0,0.0,2.0,0.0,0.0,1.0,1.0,0.0,0.0,1.0,0.0,0.0,2.0,3.0,0.0,0.0,0.0,2.0,0.0,0.0,2.0,20.25,12.6,0.20000926957515872
Metersbonwe,0.0,0.0,0.0,0.0,0.0,0.0,0.0,0.0,0.0,0.0,0.0,0.0,0.0,0.0,0.0,0.0,0.0,0.0,0.0,0.0,0.0,0.0,0.0,0.0,0.0,0.0,0.0,0.0,0.0,0.0,0.0,0.0
Mexx,0.0,0.0,0.0,0.0,0.0,0.0,0.0,0.0,0.0,0.0,0.0,0.0,0.0,0.0,0.0,0.0,0.0,0.0,0.0,0.0,0.0,0.0,0.0,0.0,0.0,0.0,0.0,0.0,0.0,0.0,0.0,0.0
Michael Kors,3.75,6.75,8.0,3.0,0.0,21.5,1.0,2.0,1.0,3.0,7.0,0.0,0.0,1.0,1.0,2.0,2.0,1.0,2.0,1.0,3.0,11.0,1.0,3.0,2.0,4.0,2.0,6.0,18.0,58.5,22.25,0.30710303572386205
Miu Miu,2.75,5.25,6.0,0.5,0.0,14.5,1.0,2.0,1.0,1.0,5.0,15.0,15.0,1.0,31.0,4.0,4.0,0.0,1.0,1.0,4.0,14.0,1.0,2.0,4.0,2.0,2.0,10.0,21.0,85.5,15.05,0.2631777168635412
Mizuno,4.5,5.75,10.0,1.5,0.0,21.75,1.0,1.0,1.0,0.0,3.0,12.0,0.0,0.0,12.0,0.0,0.0,1.0,1.0,0.0,0.0,2.0,2.0,1.0,0.0,0.0,1.0,2.0,6.0,44.75,22.65,0.16291183373372678
Moncler,2.5,7.5,7.5,3.0,0.0,20.5,1.0,2.0,1.0,3.0,7.0,0.0,0.0,1.0,1.0,4.0,3.0,2.0,1.0,1.0,3.0,14.0,2.0,3.0,5.0,5.0,0.0,9.0,24.0,66.5,21.0,0.29301128741788685
Monoprix,3.75,5.75,9.0,1.5,1.0,21.0,0.0,2.0,1.0,3.0,6.0,0.0,0.0,0.0,0.0,3.0,3.0,2.0,1.0,1.0,1.0,11.0,0.0,1.0,3.0,0.0,0.0,2.0,6.0,44.0,21.75,0.3010453921329897
Morrisons,4.25,5.75,9.0,2.0,1.0,22.0,1.0,1.0,1.0,0.0,3.0,17.0,0.0,1.0,18.0,5.0,0.0,1.0,3.0,2.0,3.0,14.0,1.0,1.0,3.0,5.0,0.0,5.0,15.0,72.0,22.85,0.1332777202140426
MRP,2.75,5.5,4.5,0.0,1.0,13.75,0.0,2.0,0.0,0.0,2.0,0.0,0.0,0.0,0.0,0.0,0.0,0.0,0.0,0.0,4.0,4.0,0.0,3.0,1.0,0.0,1.0,2.0,7.0,26.75,14.3,0.256250745413228
Muji,4.25,7.0,9.0,2.0,1.0,23.25,1.0,2.0,1.0,3.0,7.0,12.0,0.0,0.0,12.0,4.0,0.0,1.0,1.0,1.0,2.0,9.0,2.0,1.0,4.0,4.0,1.0,7.0,19.0,70.25,24.1,0.28786875337567674
New Balance,3.75,8.0,12.0,2.0,0.0,25.75,1.0,1.0,0.0,2.0,4.0,20.0,12.0,1.0,33.0,5.0,1.0,2.0,6.0,2.0,6.0,22.0,6.0,2.0,5.0,3.0,4.0,9.0,29.0,113.75,26.5,0.14514272178562118
New Look,3.25,7.25,12.5,3.0,1.0,27.0,1.0,2.0,1.0,3.0,7.0,19.0,12.0,1.0,32.0,4.0,1.0,2.0,5.0,2.0,2.0,16.0,3.0,4.0,7.0,1.0,1.0,7.0,23.0,105.0,27.65,0.24866332026454663
New Yorker,0.75,0.0,0.0,0.0,0.0,0.75,0.0,0.0,0.0,0.0,0.0,0.0,0.0,0.0,0.0,0.0,0.0,0.0,0.0,0.0,0.0,0.0,0.0,0.0,0.0,0.0,0.0,0.0,0.0,0.75,0.9,0.0
Next,3.25,6.75,12.0,1.5,1.0,24.5,0.0,2.0,1.0,0.0,3.0,16.0,12.0,1.0,29.0,3.0,0.0,0.0,4.0,1.0,2.0,10.0,6.0,3.0,5.0,0.0,2.0,8.0,24.0,90.5,25.15,0.1961034082273453
Nike,3.75,7.5,13.5,3.0,1.0,28.75,1.0,2.0,1.0,0.0,4.0,19.0,20.0,1.0,40.0,5.0,4.0,2.0,1.0,2.0,3.0,17.0,5.0,4.0,8.0,5.0,4.0,9.0,35.0,124.75,29.5,0.16832299980915705
Nine West,0.0,1.0,0.5,0.0,0.0,1.5,0.0,0.0,0.0,0.0,0.0,0.0,0.0,0.0,0.0,0.0,0.0,0.0,0.0,0.0,0.0,0.0,0.0,0.0,0.0,0.0,0.0,0.0,0.0,1.5,1.5,0.0
Nordstrom,3.25,7.0,6.0,3.0,0.0,19.25,1.0,2.0,0.0,0.0,3.0,16.0,0.0,1.0,17.0,2.0,1.0,1.0,0.0,2.0,5.0,11.0,1.0,4.0,4.0,4.0,0.0,2.0,15.0,65.25,19.9,0.21021350489652613
Old Navy,4.75,7.5,14.0,3.0,1.0,30.25,1.0,2.0,1.0,2.0,6.0,13.0,13.0,1.0,27.0,5.0,4.0,2.0,4.0,3.0,5.0,23.0,3.0,4.0,8.0,2.0,6.0,11.0,34.0,120.25,31.2,0.19863591205857664
Otto,3.75,6.0,6.0,1.5,1.0,18.25,1.0,2.0,0.0,2.0,5.0,9.0,0.0,1.0,10.0,3.0,3.0,1.0,2.0,0.0,4.0,13.0,0.0,0.0,0.0,2.0,0.0,1.0,3.0,49.25,19.0,0.28161765163202856
OVS,5.0,9.0,13.5,3.0,1.0,31.5,1.0,2.0,1.0,6.0,10.0,25.0,24.0,20.0,69.0,5.0,5.0,3.0,8.0,3.0,6.0,30.0,21.0,5.0,8.0,11.0,8.0,14.0,67.0,207.5,32.5,0.2156346350411909
Paris,4.5,6.75,7.5,3.0,1.0,22.75,1.0,1.0,1.0,0.0,3.0,15.0,0.0,1.0,16.0,0.0,0.0,1.0,1.0,1.0,4.0,7.0,0.0,2.0,3.0,5.0,1.0,2.0,13.0,61.75,23.65,0.13565772521470004
Patagonia,1.75,7.25,10.5,3.0,0.0,22.5,1.0,0.0,0.0,0.0,1.0,18.0,18.0,1.0,37.0,4.0,5.0,2.0,2.0,3.0,4.0,20.0,5.0,1.0,5.0,5.0,0.0,3.0,19.0,99.5,22.85,0.024409493462991174
Pepe Jeans,0.0,3.0,0.0,0.0,0.0,3.0,0.0,0.0,0.0,0.0,0.0,0.0,0.0,0.0,0.0,0.0,0.0,1.0,0.0,2.0,0.0,3.0,0.0,0.0,0.0,0.0,0.0,0.0,0.0,6.0,3.0,0.0
Pimkie,3.25,5.75,3.0,0.5,0.0,12.5,1.0,1.0,0.0,2.0,4.0,15.0,0.0,0.0,15.0,0.0,0.0,1.0,2.0,1.0,0.0,4.0,3.0,0.0,1.0,5.0,0.0,1.0,10.0,45.5,13.15,0.24549701431249338
Prada,2.75,5.25,6.0,0.5,0.0,14.5,1.0,2.0,1.0,1.0,5.0,15.0,15.0,1.0,31.0,4.0,4.0,0.0,1.0,1.0,4.0,14.0,1.0,2.0,4.0,2.0,2.0,10.0,21.0,85.5,15.05,0.2631777168635412
PrettyLittleThing,0.0,5.75,6.0,3.0,0.0,14.75,1.0,1.0,1.0,2.0,5.0,12.0,0.0,1.0,13.0,4.0,1.0,0.0,0.0,0.0,4.0,9.0,2.0,1.0,6.0,2.0,0.0,8.0,19.0,60.75,14.75,0.21692449253544976
Primark,4.25,8.0,13.0,3.0,1.0,29.25,0.0,1.0,1.0,5.0,7.0,10.0,0.0,1.0,11.0,6.0,5.0,2.0,3.0,3.0,4.0,23.0,8.0,3.0,5.0,3.0,2.0,8.0,29.0,99.25,30.1,0.1895918902164912
Prisma,3.25,5.75,9.0,3.0,1.0,22.0,0.0,2.0,1.0,2.0,5.0,0.0,0.0,1.0,1.0,4.0,3.0,1.0,1.0,2.0,4.0,15.0,1.0,1.0,1.0,2.0,1.0,7.0,13.0,56.0,22.65,0.24965045918189388
Pull&Bear,4.5,7.5,13.5,3.0,1.0,29.5,1.0,2.0,1.0,6.0,10.0,0.0,0.0,8.0,8.0,6.0,5.0,3.0,3.0,3.0,5.0,25.0,11.0,6.0,9.0,8.0,4.0,14.0,52.0,124.5,30.4,0.25152876386136025
Puma,4.25,8.25,14.5,3.0,1.0,31.0,1.0,3.0,1.0,6.0,11.0,22.0,22.0,1.0,45.0,5.0,4.0,3.0,8.0,1.0,6.0,27.0,11.0,5.0,8.0,6.0,7.0,15.0,52.0,166.0,31.85,0.2925084014644233
Quiksilver,1.0,4.25,5.5,0.0,0.0,10.75,1.0,0.0,0.0,0.0,1.0,0.0,0.0,1.0,1.0,1.0,0.0,1.0,0.0,1.0,0.0,3.0,0.0,0.0,0.0,0.0,0.0,0.0,0.0,15.75,10.95,0.05189175808992954
Ralph Lauren,4.5,8.25,12.0,3.0,1.0,28.75,1.0,2.0,1.0,5.0,9.0,20.0,20.0,1.0,41.0,4.0,4.0,2.0,4.0,0.0,4.0,18.0,3.0,7.0,7.0,2.0,7.0,12.0,38.0,134.75,29.65,0.25095077344822403
Reebok,0.75,0.25,1.0,0.0,0.0,2.0,0.0,0.0,0.0,0.0,0.0,0.0,0.0,0.0,0.0,0.0,0.0,0.0,0.0,1.0,0.0,1.0,0.0,0.0,0.0,0.0,0.0,0.0,0.0,3.0,2.15,0.0
REI,3.0,4.25,8.0,1.5,1.0,17.75,1.0,1.0,0.0,2.0,4.0,7.0,7.0,1.0,15.0,1.0,0.0,1.0,0.0,1.0,0.0,3.0,0.0,2.0,2.0,2.0,1.0,7.0,14.0,53.75,18.35,0.20738917060176082
Reliance Trends,2.75,4.0,5.5,0.0,1.0,13.25,1.0,2.0,0.0,0.0,3.0,0.0,0.0,0.0,0.0,0.0,0.0,0.0,0.0,0.0,2.0,2.0,3.0,0.0,0.0,1.0,1.0,2.0,7.0,25.25,13.8,0.2850529740924387
Reserved,3.0,7.5,8.5,1.5,1.0,21.5,0.0,2.0,1.0,0.0,3.0,0.0,0.0,1.0,1.0,1.0,0.0,1.0,0.0,0.0,1.0,3.0,1.0,2.0,5.0,3.0,3.0,7.0,21.0,49.5,22.1,0.2238405732242726
REVOLVE,0.25,1.0,0.0,0.0,0.0,1.25,1.0,1.0,0.0,0.0,2.0,0.0,0.0,0.0,0.0,0.0,0.0,0.0,0.0,0.0,1.0,1.0,0.0,0.0,0.0,0.0,0.0,0.0,0.0,4.25,1.3,0.2986643173659953
River Island,2.75,7.0,8.5,1.5,0.0,19.75,1.0,2.0,1.0,0.0,4.0,17.0,9.0,0.0,26.0,4.0,0.0,1.0,1.0,0.0,0.0,6.0,1.0,1.0,9.0,5.0,0.0,8.0,23.0,78.75,20.3,0.23011090168571252
Romwe,0.25,3.75,0.5,0.0,0.0,4.5,1.0,0.0,0.0,0.0,1.0,0.0,0.0,0.0,0.0,1.0,0.0,0.0,0.0,0.0,0.0,1.0,0.0,0.0,0.0,0.0,0.0,0.0,0.0,6.5,4.55,0.06710675313063438
Ross Dress for Less,1.5,0.25,3.0,1.5,0.0,6.25,0.0,1.0,0.0,0.0,1.0,0.0,0.0,0.0,0.0,0.0,0.0,0.0,0.0,0.0,3.0,3.0,0.0,3.0,0.0,0.0,0.0,2.0,5.0,15.25,6.55,0.21267531259234565
Roxy,1.0,4.25,5.5,0.0,0.0,10.75,1.0,0.0,0.0,0.0,1.0,0.0,0.0,1.0,1.0,1.0,0.0,1.0,0.0,1.0,0.0,3.0,0.0,0.0,0.0,0.0,0.0,0.0,0.0,15.75,10.95,0.05189175808992954
Russell Athletic,3.25,6.5,8.5,1.5,0.0,19.75,1.0,2.0,0.0,2.0,5.0,18.0,17.0,0.0,35.0,1.0,1.0,0.0,0.0,0.0,2.0,4.0,8.0,1.0,1.0,1.0,3.0,6.0,20.0,83.75,20.4,0.28587789815078907
s.Oliver,4.0,8.5,13.5,1.5,0.0,27.5,1.0,2.0,0.0,2.0,5.0,23.0,19.0,1.0,43.0,6.0,5.0,3.0,4.0,2.0,6.0,26.0,1.0,0.0,2.0,2.0,0.0,0.0,5.0,106.5,28.3,0.20380633826800543
Sainsbury's,3.75,6.25,10.5,3.0,0.0,23.5,1.0,2.0,1.0,5.0,9.0,21.0,20.0,6.0,47.0,5.0,1.0,2.0,2.0,1.0,6.0,17.0,4.0,5.0,5.0,3.0,2.0,11.0,30.0,126.5,24.25,0.28141785554849463
SAINT LAURENT,5.0,8.75,14.5,3.0,1.0,32.25,1.0,3.0,1.0,5.0,10.0,0.0,0.0,7.0,7.0,6.0,5.0,2.0,3.0,3.0,6.0,25.0,7.0,3.0,9.0,7.0,8.0,18.0,52.0,126.25,33.25,0.27985399871021543
Saks Fifth Avenue,1.75,4.25,4.5,0.0,0.0,10.5,0.0,0.0,0.0,0.0,0.0,7.0,0.0,0.0,7.0,0.0,0.0,1.0,0.0,1.0,2.0,4.0,0.0,2.0,0.0,0.0,0.0,0.0,2.0,23.5,10.85,0.0
Salvatore Ferragamo,4.0,7.0,10.5,1.5,1.0,24.0,1.0,2.0,1.0,4.0,8.0,0.0,0.0,1.0,1.0,2.0,1.0,2.0,0.0,1.0,4.0,10.0,0.0,2.0,2.0,1.0,3.0,9.0,17.0,60.0,24.8,0.3098344941089093
Sandro,2.25,6.0,7.0,3.0,1.0,19.25,0.0,3.0,1.0,4.0,8.0,0.0,0.0,0.0,0.0,2.0,4.0,2.0,2.0,1.0,0.0,11.0,3.0,2.0,3.0,2.0,0.0,6.0,16.0,54.25,19.7,0.3887291089762351
Savage X Fenty,0.0,0.0,0.0,0.0,0.0,0.0,0.0,0.0,0.0,0.0,0.0,0.0,0.0,0.0,0.0,0.0,0.0,0.0,0.0,0.0,0.0,0.0,0.0,0.0,0.0,0.0,0.0,0.0,0.0,0.0,0.0,0.0
Semir,0.0,0.0,0.0,0.0,0.0,0.0,0.0,0.0,0.0,0.0,0.0,0.0,0.0,0.0,0.0,0.0,0.0,0.0,0.0,0.0,0.0,0.0,0.0,0.0,0.0,0.0,0.0,0.0,0.0,0.0,0.0,0.0
SHEIN,1.75,2.25,2.0,0.5,0.0,6.5,1.0,0.0,0.0,0.0,1.0,0.0,0.0,0.0,0.0,0.0,0.0,0.0,1.0,0.0,0.0,1.0,0.0,0.0,0.0,1.0,0.0,7.0,8.0,16.5,6.85,0.05855412003223482
Shimamura,1.5,2.5,2.0,0.0,0.0,6.0,0.0,1.0,0.0,0.0,1.0,0.0,0.0,0.0,0.0,0.0,0.0,0.0,0.0,0.0,0.0,0.0,1.0,1.0,0.0,0.0,0.0,1.0,3.0,10.0,6.3,0.2268263626514359
Skechers,2.0,4.25,5.0,0.0,0.0,11.25,0.0,2.0,0.0,0.0,2.0,0.0,0.0,0.0,0.0,0.0,0.0,0.0,0.0,1.0,1.0,2.0,1.0,0.0,0.0,0.0,0.0,0.0,1.0,16.25,11.65,0.34464902145921783
Speedo,5.0,8.25,12.0,1.5,0.0,26.75,1.0,0.0,1.0,5.0,7.0,23.0,18.0,1.0,42.0,5.0,4.0,2.0,3.0,3.0,1.0,18.0,8.0,3.0,5.0,1.0,3.0,4.0,24.0,117.75,27.75,0.14856112358328263
Splash,0.0,0.0,0.0,0.0,0.0,0.0,0.0,0.0,0.0,0.0,0.0,0.0,0.0,1.0,1.0,0.0,0.0,0.0,0.0,0.0,0.0,0.0,0.0,0.0,0.0,0.0,0.0,0.0,0.0,1.0,0.0,0.0
Sports Direct,2.25,0.25,5.0,1.0,0.0,8.5,0.0,3.0,1.0,0.0,4.0,0.0,0.0,0.0,0.0,1.0,0.0,0.0,0.0,0.0,0.0,1.0,0.0,2.0,0.0,0.0,0.0,2.0,4.0,17.5,8.95,0.47100441041706675
Steve Madden,3.25,6.75,5.0,1.5,0.0,16.5,0.0,2.0,0.0,0.0,2.0,0.0,0.0,0.0,0.0,4.0,0.0,0.0,0.0,0.0,2.0,6.0,1.0,2.0,3.0,1.0,0.0,1.0,8.0,32.5,17.15,0.25319687032449445
Stradivarius,4.5,7.5,13.5,3.0,1.0,29.5,1.0,2.0,1.0,6.0,10.0,0.0,0.0,8.0,8.0,6.0,5.0,3.0,3.0,3.0,5.0,25.0,11.0,6.0,9.0,8.0,4.0,14.0,52.0,124.5,30.4,0.25152876386136025
Superdry,4.75,8.75,14.0,3.0,1.0,31.5,1.0,2.0,1.0,6.0,10.0,18.0,0.0,1.0,19.0,4.0,4.0,2.0,1.0,3.0,1.0,15.0,14.0,4.0,8.0,5.0,4.0,11.0,46.0,121.5,32.45,0.26702138638720085
Takko,0.25,5.5,3.0,0.0,0.0,8.75,0.0,0.0,0.0,0.0,0.0,0.0,0.0,1.0,1.0,0.0,0.0,1.0,0.0,1.0,3.0,5.0,3.0,0.0,0.0,0.0,0.0,0.0,3.0,17.75,8.8,0.0
Target,4.25,8.75,14.0,3.0,0.0,30.0,1.0,2.0,0.0,3.0,6.0,12.0,10.0,0.0,22.0,2.0,0.0,1.0,1.0,0.0,5.0,9.0,1.0,5.0,3.0,4.0,4.0,9.0,26.0,93.0,30.85,0.24503089689029578
Target Australia,4.25,8.25,11.5,3.0,1.0,28.0,1.0,2.0,1.0,6.0,10.0,23.0,23.0,19.0,65.0,6.0,5.0,3.0,14.0,3.0,6.0,37.0,16.0,4.0,8.0,4.0,8.0,11.0,51.0,191.0,28.85,0.2262266150638828
Tchibo,4.0,8.0,10.5,1.5,1.0,25.0,1.0,2.0,0.0,3.0,6.0,17.0,16.0,1.0,34.0,3.0,0.0,2.0,4.0,2.0,6.0,17.0,3.0,2.0,9.0,2.0,1.0,8.0,25.0,107.0,25.8,0.2356078985737446
Ted Baker,2.5,8.0,7.0,3.0,0.0,20.5,1.0,0.0,0.0,0.0,1.0,19.0,0.0,1.0,20.0,4.0,1.0,1.0,0.0,0.0,0.0,6.0,1.0,3.0,5.0,0.0,0.0,8.0,17.0,64.5,21.0,0.030337807689066333
Tesco,4.0,8.25,13.5,2.0,1.0,28.75,0.0,3.0,1.0,3.0,7.0,18.0,18.0,10.0,46.0,4.0,0.0,2.0,4.0,3.0,4.0,17.0,6.0,3.0,2.0,2.0,3.0,5.0,21.0,119.75,29.55,0.28832181607230795
Tezenis,4.75,8.5,11.0,3.0,0.0,27.25,1.0,2.0,1.0,1.0,5.0,25.0,23.0,21.0,69.0,2.0,3.0,3.0,6.0,1.0,4.0,19.0,8.0,4.0,7.0,6.0,4.0,7.0,36.0,156.25,28.2,0.18224534625250488
The Children's Place,2.25,5.0,8.0,3.0,0.0,18.25,1.0,2.0,0.0,0.0,3.0,0.0,0.0,0.0,0.0,0.0,0.0,1.0,1.0,0.0,1.0,3.0,1.0,3.0,5.0,0.0,1.0,8.0,18.0,42.25,18.7,0.24898064696603958
The North Face,4.25,8.5,13.0,3.0,1.0,29.75,1.0,2.0,1.0,3.0,7.0,22.0,22.0,19.0,63.0,5.0,5.0,2.0,6.0,2.0,6.0,26.0,2.0,4.0,9.0,6.0,6.0,11.0,38.0,163.75,30.6,0.19793488042834145
The Warehouse,3.5,6.75,10.0,1.5,1.0,22.75,1.0,2.0,0.0,2.0,5.0,0.0,0.0,0.0,0.0,0.0,0.0,1.0,1.0,1.0,4.0,7.0,1.0,3.0,2.0,0.0,0.0,2.0,8.0,42.75,23.45,0.27516950310631383
Timberland,4.25,8.5,13.0,3.0,1.0,29.75,1.0,2.0,1.0,3.0,7.0,22.0,22.0,19.0,63.0,5.0,5.0,2.0,6.0,2.0,6.0,26.0,2.0,4.0,9.0,6.0,6.0,11.0,38.0,163.75,30.6,0.19793488042834145
TJ Maxx,3.25,5.0,7.0,1.5,0.0,16.75,1.0,2.0,0.0,0.0,3.0,0.0,0.0,0.0,0.0,2.0,0.0,0.0,0.0,1.0,2.0,5.0,1.0,2.0,1.0,2.0,0.0,2.0,8.0,32.75,17.4,0.2748289604468931
Tod's,2.75,3.5,5.0,0.0,1.0,12.25,0.0,1.0,0.0,0.0,1.0,0.0,0.0,0.0,0.0,0.0,0.0,1.0,0.0,0.0,4.0,5.0,0.0,2.0,0.0,0.0,1.0,1.0,4.0,22.25,12.8,0.14127622331413628
Tom Ford,0.0,0.0,0.5,0.0,0.0,0.5,0.0,0.0,0.0,0.0,0.0,0.0,0.0,0.0,0.0,0.0,0.0,0.0,0.0,0.0,0.0,0.0,0.0,0.0,0.0,0.0,0.0,0.0,0.0,0.5,0.5,0.0
Tom Tailor,4.5,8.5,10.5,3.0,1.0,27.5,1.0,2.0,1.0,2.0,6.0,25.0,21.0,1.0,47.0,1.0,1.0,2.0,2.0,2.0,4.0,12.0,9.0,4.0,7.0,5.0,2.0,6.0,33.0,125.5,28.4,0.21364082703585524
Tommy Bahama,2.75,3.75,5.0,0.5,0.0,12.0,0.0,2.0,1.0,0.0,3.0,0.0,0.0,1.0,1.0,0.0,0.0,2.0,0.0,1.0,1.0,4.0,1.0,2.0,1.0,0.0,0.0,0.0,4.0,24.0,12.55,0.3144689957158835
Tommy Hilfiger,4.0,6.75,13.0,3.0,0.0,26.75,1.0,2.0,1.0,2.0,6.0,17.0,14.0,1.0,32.0,5.0,4.0,2.0,6.0,2.0,3.0,22.0,5.0,4.0,8.0,5.0,6.0,9.0,37.0,123.75,27.55,0.2150853742811139
TOPVALU COLLECTION,2.0,7.75,7.5,0.5,0.0,17.75,0.0,1.0,0.0,0.0,1.0,0.0,0.0,0.0,0.0,2.0,0.0,0.0,0.0,1.0,4.0,7.0,0.0,0.0,0.0,0.0,0.0,7.0,7.0,32.75,18.15,0.13202981531713137
Tory Burch,0.75,0.0,0.5,0.0,0.0,1.25,0.0,0.0,0.0,0.0,0.0,0.0,0.0,0.0,0.0,0.0,0.0,0.0,0.0,0.0,0.0,0.0,0.0,0.0,0.0,0.0,0.0,0.0,0.0,1.25,1.4,0.0
Triumph,2.25,2.75,1.0,0.0,0.0,6.0,1.0,0.0,0.0,0.0,1.0,6.0,0.0,0.0,6.0,1.0,0.0,1.0,0.0,0.0,2.0,4.0,1.0,0.0,0.0,0.0,0.0,0.0,1.0,18.0,6.45,0.056385878823534054
Truworths,2.25,1.25,3.5,0.5,1.0,8.5,1.0,2.0,0.0,2.0,5.0,0.0,0.0,0.0,0.0,0.0,0.0,1.0,0.0,0.0,1.0,2.0,0.0,3.0,0.0,0.0,0.0,0.0,3.0,18.5,8.95,0.3813955504095057
UGG,4.25,7.0,9.5,3.0,0.0,23.75,1.0,2.0,1.0,4.0,8.0,20.0,21.0,14.0,55.0,4.0,5.0,2.0,2.0,2.0,6.0,21.0,3.0,3.0,8.0,5.0,5.0,10.0,34.0,141.75,24.6,0.24210151632585836
Under Armour,2.75,5.0,9.5,1.0,0.0,18.25,1.0,2.0,0.0,3.0,6.0,14.0,0.0,1.0,15.0,3.0,0.0,2.0,0.0,2.0,5.0,12.0,2.0,3.0,3.0,0.0,2.0,8.0,18.0,69.25,18.8,0.30677164872661533
Uniqlo,4.0,7.5,12.0,2.0,1.0,26.5,1.0,2.0,1.0,0.0,4.0,19.0,13.0,1.0,33.0,6.0,5.0,2.0,6.0,3.0,4.0,26.0,5.0,4.0,5.0,5.0,7.0,11.0,37.0,126.5,27.3,0.1646642963379246
United Arrows,3.5,6.5,6.5,3.0,0.0,19.5,1.0,2.0,0.0,0.0,3.0,0.0,0.0,0.0,0.0,2.0,3.0,1.0,0.0,0.0,3.0,9.0,0.0,2.0,0.0,4.0,1.0,3.0,10.0,41.5,20.2,0.2324354604732416
United Colors of Benetton,4.25,8.75,10.5,3.0,1.0,27.5,1.0,2.0,1.0,1.0,5.0,26.0,26.0,17.0,69.0,5.0,5.0,2.0,6.0,3.0,6.0,27.0,14.0,4.0,8.0,9.0,7.0,12.0,54.0,182.5,28.35,0.15725921613726884
Urban Outfitters,2.75,4.25,2.5,3.0,0.0,12.5,1.0,2.0,1.0,0.0,4.0,0.0,0.0,0.0,0.0,3.0,0.0,1.0,0.0,0.0,1.0,5.0,1.0,0.0,5.0,4.0,1.0,0.0,11.0,32.5,13.05,0.2777898354064313
Valentino,3.25,4.0,4.5,0.0,0.0,11.75,1.0,0.0,1.0,0.0,2.0,19.0,0.0,0.0,19.0,0.0,0.0,1.0,2.0,0.0,3.0,6.0,0.0,0.0,1.0,2.0,1.0,1.0,5.0,43.75,12.4,0.0741459242595058
Van Heusen,0.0,0.0,0.0,0.0,0.0,0.0,0.0,0.0,0.0,0.0,0.0,0.0,0.0,0.0,0.0,0.0,0.0,0.0,0.0,0.0,0.0,0.0,0.0,0.0,0.0,0.0,0.0,0.0,0.0,0.0,0.0,0.0
Vans,4.25,8.5,13.0,3.0,1.0,29.75,1.0,2.0,1.0,3.0,7.0,22.0,22.0,19.0,63.0,5.0,5.0,2.0,6.0,2.0,6.0,26.0,2.0,4.0,9.0,5.0,6.0,11.0,37.0,162.75,30.6,0.19849352556577543
Vero Moda,3.0,6.0,9.0,3.0,0.0,21.0,1.0,0.0,1.0,2.0,4.0,19.0,19.0,1.0,39.0,5.0,1.0,2.0,5.0,3.0,3.0,19.0,3.0,1.0,6.0,1.0,1.0,7.0,19.0,102.0,21.6,0.0959017646894023
Versace,4.0,6.75,8.0,3.0,0.0,21.75,1.0,2.0,1.0,3.0,7.0,0.0,0.0,1.0,1.0,2.0,2.0,1.0,2.0,1.0,3.0,11.0,1.0,3.0,2.0,4.0,2.0,6.0,18.0,58.75,22.55,0.30502059942429594
Very,3.75,5.5,7.0,3.0,0.0,19.25,1.0,2.0,1.0,0.0,4.0,16.0,14.0,0.0,30.0,3.0,0.0,1.0,0.0,0.0,4.0,8.0,0.0,2.0,0.0,3.0,0.0,1.0,6.0,67.25,20.0,0.23455351438981006
Victoria's Secret,4.0,6.25,9.0,0.0,0.0,19.25,1.0,2.0,0.0,0.0,3.0,15.0,0.0,0.0,15.0,1.0,0.0,0.0,1.0,1.0,1.0,4.0,1.0,2.0,0.0,0.0,3.0,0.0,6.0,47.25,20.05,0.2514266640131991
Walmart,4.0,5.5,9.5,3.0,1.0,23.0,1.0,2.0,0.0,0.0,3.0,0.0,0.0,0.0,0.0,4.0,4.0,1.0,1.0,1.0,5.0,16.0,2.0,3.0,4.0,1.0,0.0,5.0,15.0,57.0,23.8,0.1901933930754925
Woolworths South Africa,3.5,6.5,10.5,3.0,1.0,24.5,1.0,3.0,0.0,4.0,8.0,8.0,0.0,1.0,9.0,3.0,4.0,1.0,1.0,1.0,3.0,13.0,1.0,3.0,6.0,2.0,3.0,4.0,19.0,73.5,25.2,0.3479365195494726
Wrangler,3.5,7.75,11.0,3.0,0.0,25.25,1.0,2.0,1.0,5.0,9.0,17.0,17.0,0.0,34.0,0.0,0.0,1.0,0.0,0.0,5.0,6.0,1.0,2.0,1.0,2.0,1.0,1.0,8.0,82.25,25.95,0.3226358510440158
Youngor,0.0,0.0,0.0,0.0,0.0,0.0,0.0,0.0,0.0,0.0,0.0,0.0,0.0,0.0,0.0,0.0,0.0,0.0,0.0,0.0,0.0,0.0,0.0,0.0,0.0,0.0,0.0,0.0,0.0,0.0,0.0,0.0
Zalando,2.75,6.0,8.0,3.0,1.0,20.75,1.0,3.0,1.0,2.0,7.0,19.0,15.0,1.0,35.0,2.0,1.0,2.0,0.0,0.0,4.0,9.0,2.0,4.0,6.0,6.0,0.0,10.0,28.0,99.75,21.3,0.3129860798276304
Zara,4.5,7.5,13.5,3.0,1.0,29.5,1.0,2.0,1.0,6.0,10.0,0.0,0.0,8.0,8.0,6.0,5.0,3.0,3.0,3.0,5.0,25.0,11.0,6.0,9.0,8.0,4.0,14.0,52.0,124.5,30.4,0.25152876386136025
Zeeman,3.0,8.0,11.5,3.0,1.0,26.5,1.0,2.0,0.0,6.0,9.0,23.0,19.0,1.0,43.0,6.0,4.0,4.0,6.0,3.0,5.0,28.0,14.0,3.0,5.0,4.0,0.0,2.0,28.0,134.5,27.1,0.2535610524962898
